# This file is generated on 25-Nov-2021 at 17:02:36 and contains for each site:
# att_oxy = attenuation due to oxygen (dB).
# All parameters are computed by: ITU-R P.676-8 model general method.
# Attenuation due to oxygen results are sorted acording to the site identification number:
#    _ 1 = Austria Graz  (Lat = 4.7070e+01 deg, Lon = 1.5440e+01 deg, Alt = 3.5300e-01 km)
# Stored values are organised as follow:
# Site number, Satellite number, freq (GHz), elev (deg), prob_elev, att_oxy (dB)
1, 1, 3.7500e+01, 5.5000e+01, 1.0000e+00, 2.2826e-01
1, 2, 3.7500e+01, 6.0000e+01, 1.0000e+00, 2.1593e-01
1, 3, 3.7500e+01, 6.5000e+01, 1.0000e+00, 2.0635e-01
1, 4, 3.7500e+01, 7.0000e+01, 1.0000e+00, 1.9902e-01
1, 5, 3.7500e+01, 7.5000e+01, 1.0000e+00, 1.9363e-01
1, 6, 3.7500e+01, 8.0000e+01, 1.0000e+00, 1.8992e-01
1, 7, 3.7500e+01, 8.5000e+01, 1.0000e+00, 1.8775e-01
1, 8, 3.7500e+01, 9.0000e+01, 1.0000e+00, 1.8704e-01
