# This file is generated on 12-Dec-2021 at 19:47:54 and contains for each site:
# press = air total pressure (hPa); temp = air temperature (K); vap = water vapour density (g/m^3) and hl = height level of reference amsl (km).
# All parameters are computed by: ITU-R P.835-4 model on Mean annual period.
# Atmospheric results are sorted acording to the site identification number:
#    _ 1 = Norway Isfjord radio (Lat = 7.8060e+01 deg, Lon = 1.3620e+01 deg, Alt = 1.0000e-02 km)
# Stored values are organised as follow:
# Site number, height level of reference amsl (km), press (hPa), temp (K), vap (g/m^3)
1, 1.0000e-02, 1.0119e+03, 2.8809e+02, 7.4626e+00
