# This file is generated on 12-Dec-2021 at 19:48:52 and contains for each site:
# att_oxy = attenuation due to oxygen (dB).
# All parameters are computed by: ITU-R P.676-8 model general method.
# Attenuation due to oxygen results are sorted acording to the site identification number:
#    _ 1 = Norway Isfjord radio (Lat = 7.8060e+01 deg, Lon = 1.3620e+01 deg, Alt = 1.0000e-02 km)
# Stored values are organised as follow:
# Site number, Satellite number, freq (GHz), elev (deg), prob_elev, att_oxy (dB)
1, 1, 7.5000e+01, 5.0000e+00, 1.0000e+00, 5.5055e+00
1, 2, 7.5000e+01, 1.0000e+01, 1.0000e+00, 2.9041e+00
1, 3, 7.5000e+01, 1.5000e+01, 1.0000e+00, 1.9688e+00
1, 4, 7.5000e+01, 2.0000e+01, 1.0000e+00, 1.4955e+00
1, 5, 7.5000e+01, 2.5000e+01, 1.0000e+00, 1.2124e+00
1, 6, 7.5000e+01, 3.0000e+01, 1.0000e+00, 1.0258e+00
1, 7, 7.5000e+01, 3.5000e+01, 1.0000e+00, 8.9470e-01
1, 8, 7.5000e+01, 4.0000e+01, 1.0000e+00, 7.9866e-01
1, 9, 7.5000e+01, 4.5000e+01, 1.0000e+00, 7.2620e-01
1, 10, 7.5000e+01, 5.0000e+01, 1.0000e+00, 6.7045e-01
