# This file is generated on 25-Nov-2021 at 16:49:18 and contains for each site, each satellite, frequency:
# att_cld = attenuation due to clouds (dB); liq_cont = liquid water content (g/m^3).
# All parameters are computed by: ITU-R P.840-4 model.
# Attenuation due to clouds results are sorted acording to the site identification number:
#    _ 1 = Austria Graz  (Lat = 4.7070e+01 deg, Lon = 1.5440e+01 deg, Alt = 3.5300e-01 km)
# Stored values are organised as follow:
# Site number, Satellite number, Frequency (GHz), Elevation angle (deg), Elevation probability (), Time exceeded (%), liq_cont (g/m^3), att_cld (dB)
1, 1, 7.5000e+01, 5.0000e+00, 1.0000e+00, 1.0000e-02, 1.5478e+00, 6.2756e+01
1, 1, 7.5000e+01, 5.0000e+00, 1.0000e+00, 1.6000e-02, 1.5478e+00, 6.2756e+01
1, 1, 7.5000e+01, 5.0000e+00, 1.0000e+00, 2.7000e-02, 1.5478e+00, 6.2756e+01
1, 1, 7.5000e+01, 5.0000e+00, 1.0000e+00, 4.5000e-02, 1.5478e+00, 6.2756e+01
1, 1, 7.5000e+01, 5.0000e+00, 1.0000e+00, 7.7000e-02, 1.5478e+00, 6.2756e+01
1, 1, 7.5000e+01, 5.0000e+00, 1.0000e+00, 1.3000e-01, 1.4975e+00, 6.0715e+01
1, 1, 7.5000e+01, 5.0000e+00, 1.0000e+00, 2.1000e-01, 1.4043e+00, 5.6938e+01
1, 1, 7.5000e+01, 5.0000e+00, 1.0000e+00, 3.5000e-01, 1.2950e+00, 5.2506e+01
1, 1, 7.5000e+01, 5.0000e+00, 1.0000e+00, 6.0000e-01, 1.1745e+00, 4.7621e+01
1, 1, 7.5000e+01, 5.0000e+00, 1.0000e+00, 9.5000e-01, 1.0616e+00, 4.3042e+01
1, 1, 7.5000e+01, 5.0000e+00, 1.0000e+00, 1.7000e+00, 9.0398e-01, 3.6651e+01
1, 1, 7.5000e+01, 5.0000e+00, 1.0000e+00, 3.0000e+00, 7.5211e-01, 3.0494e+01
1, 1, 7.5000e+01, 5.0000e+00, 1.0000e+00, 5.1000e+00, 5.9065e-01, 2.3948e+01
1, 1, 7.5000e+01, 5.0000e+00, 1.0000e+00, 8.3000e+00, 4.4574e-01, 1.8072e+01
1, 1, 7.5000e+01, 5.0000e+00, 1.0000e+00, 1.2000e+01, 3.3352e-01, 1.3523e+01
1, 1, 7.5000e+01, 5.0000e+00, 1.0000e+00, 1.9000e+01, 1.9042e-01, 7.7204e+00
1, 1, 7.5000e+01, 5.0000e+00, 1.0000e+00, 3.0000e+01, 7.3531e-02, 2.9813e+00
1, 1, 7.5000e+01, 5.0000e+00, 1.0000e+00, 4.0000e+01, 3.4961e-02, 1.4175e+00
1, 1, 7.5000e+01, 5.0000e+00, 1.0000e+00, 5.0000e+01, 5.0438e-03, 2.0450e-01
1, 1, 7.5000e+01, 5.0000e+00, 1.0000e+00, 6.0000e+01, 1.9841e-05, 8.0446e-04
1, 1, 7.5000e+01, 5.0000e+00, 1.0000e+00, 7.0000e+01, 0.0000e+00, 0.0000e+00
1, 1, 7.5000e+01, 5.0000e+00, 1.0000e+00, 8.0000e+01, 0.0000e+00, 0.0000e+00
1, 1, 7.5000e+01, 5.0000e+00, 1.0000e+00, 9.0000e+01, 0.0000e+00, 0.0000e+00
1, 1, 7.5000e+01, 5.0000e+00, 1.0000e+00, 9.9990e+01, 0.0000e+00, 0.0000e+00
1, 2, 7.5000e+01, 1.0000e+01, 1.0000e+00, 1.0000e-02, 1.5478e+00, 3.1498e+01
1, 2, 7.5000e+01, 1.0000e+01, 1.0000e+00, 1.6000e-02, 1.5478e+00, 3.1498e+01
1, 2, 7.5000e+01, 1.0000e+01, 1.0000e+00, 2.7000e-02, 1.5478e+00, 3.1498e+01
1, 2, 7.5000e+01, 1.0000e+01, 1.0000e+00, 4.5000e-02, 1.5478e+00, 3.1498e+01
1, 2, 7.5000e+01, 1.0000e+01, 1.0000e+00, 7.7000e-02, 1.5478e+00, 3.1498e+01
1, 2, 7.5000e+01, 1.0000e+01, 1.0000e+00, 1.3000e-01, 1.4975e+00, 3.0473e+01
1, 2, 7.5000e+01, 1.0000e+01, 1.0000e+00, 2.1000e-01, 1.4043e+00, 2.8578e+01
1, 2, 7.5000e+01, 1.0000e+01, 1.0000e+00, 3.5000e-01, 1.2950e+00, 2.6353e+01
1, 2, 7.5000e+01, 1.0000e+01, 1.0000e+00, 6.0000e-01, 1.1745e+00, 2.3901e+01
1, 2, 7.5000e+01, 1.0000e+01, 1.0000e+00, 9.5000e-01, 1.0616e+00, 2.1603e+01
1, 2, 7.5000e+01, 1.0000e+01, 1.0000e+00, 1.7000e+00, 9.0398e-01, 1.8396e+01
1, 2, 7.5000e+01, 1.0000e+01, 1.0000e+00, 3.0000e+00, 7.5211e-01, 1.5305e+01
1, 2, 7.5000e+01, 1.0000e+01, 1.0000e+00, 5.1000e+00, 5.9065e-01, 1.2020e+01
1, 2, 7.5000e+01, 1.0000e+01, 1.0000e+00, 8.3000e+00, 4.4574e-01, 9.0707e+00
1, 2, 7.5000e+01, 1.0000e+01, 1.0000e+00, 1.2000e+01, 3.3352e-01, 6.7871e+00
1, 2, 7.5000e+01, 1.0000e+01, 1.0000e+00, 1.9000e+01, 1.9042e-01, 3.8749e+00
1, 2, 7.5000e+01, 1.0000e+01, 1.0000e+00, 3.0000e+01, 7.3531e-02, 1.4963e+00
1, 2, 7.5000e+01, 1.0000e+01, 1.0000e+00, 4.0000e+01, 3.4961e-02, 7.1145e-01
1, 2, 7.5000e+01, 1.0000e+01, 1.0000e+00, 5.0000e+01, 5.0438e-03, 1.0264e-01
1, 2, 7.5000e+01, 1.0000e+01, 1.0000e+00, 6.0000e+01, 1.9841e-05, 4.0377e-04
1, 2, 7.5000e+01, 1.0000e+01, 1.0000e+00, 7.0000e+01, 0.0000e+00, 0.0000e+00
1, 2, 7.5000e+01, 1.0000e+01, 1.0000e+00, 8.0000e+01, 0.0000e+00, 0.0000e+00
1, 2, 7.5000e+01, 1.0000e+01, 1.0000e+00, 9.0000e+01, 0.0000e+00, 0.0000e+00
1, 2, 7.5000e+01, 1.0000e+01, 1.0000e+00, 9.9990e+01, 0.0000e+00, 0.0000e+00
1, 3, 7.5000e+01, 1.5000e+01, 1.0000e+00, 1.0000e-02, 1.5478e+00, 2.1133e+01
1, 3, 7.5000e+01, 1.5000e+01, 1.0000e+00, 1.6000e-02, 1.5478e+00, 2.1133e+01
1, 3, 7.5000e+01, 1.5000e+01, 1.0000e+00, 2.7000e-02, 1.5478e+00, 2.1133e+01
1, 3, 7.5000e+01, 1.5000e+01, 1.0000e+00, 4.5000e-02, 1.5478e+00, 2.1133e+01
1, 3, 7.5000e+01, 1.5000e+01, 1.0000e+00, 7.7000e-02, 1.5478e+00, 2.1133e+01
1, 3, 7.5000e+01, 1.5000e+01, 1.0000e+00, 1.3000e-01, 1.4975e+00, 2.0445e+01
1, 3, 7.5000e+01, 1.5000e+01, 1.0000e+00, 2.1000e-01, 1.4043e+00, 1.9174e+01
1, 3, 7.5000e+01, 1.5000e+01, 1.0000e+00, 3.5000e-01, 1.2950e+00, 1.7681e+01
1, 3, 7.5000e+01, 1.5000e+01, 1.0000e+00, 6.0000e-01, 1.1745e+00, 1.6036e+01
1, 3, 7.5000e+01, 1.5000e+01, 1.0000e+00, 9.5000e-01, 1.0616e+00, 1.4494e+01
1, 3, 7.5000e+01, 1.5000e+01, 1.0000e+00, 1.7000e+00, 9.0398e-01, 1.2342e+01
1, 3, 7.5000e+01, 1.5000e+01, 1.0000e+00, 3.0000e+00, 7.5211e-01, 1.0269e+01
1, 3, 7.5000e+01, 1.5000e+01, 1.0000e+00, 5.1000e+00, 5.9065e-01, 8.0642e+00
1, 3, 7.5000e+01, 1.5000e+01, 1.0000e+00, 8.3000e+00, 4.4574e-01, 6.0858e+00
1, 3, 7.5000e+01, 1.5000e+01, 1.0000e+00, 1.2000e+01, 3.3352e-01, 4.5536e+00
1, 3, 7.5000e+01, 1.5000e+01, 1.0000e+00, 1.9000e+01, 1.9042e-01, 2.5998e+00
1, 3, 7.5000e+01, 1.5000e+01, 1.0000e+00, 3.0000e+01, 7.3531e-02, 1.0039e+00
1, 3, 7.5000e+01, 1.5000e+01, 1.0000e+00, 4.0000e+01, 3.4961e-02, 4.7733e-01
1, 3, 7.5000e+01, 1.5000e+01, 1.0000e+00, 5.0000e+01, 5.0438e-03, 6.8863e-02
1, 3, 7.5000e+01, 1.5000e+01, 1.0000e+00, 6.0000e+01, 1.9841e-05, 2.7090e-04
1, 3, 7.5000e+01, 1.5000e+01, 1.0000e+00, 7.0000e+01, 0.0000e+00, 0.0000e+00
1, 3, 7.5000e+01, 1.5000e+01, 1.0000e+00, 8.0000e+01, 0.0000e+00, 0.0000e+00
1, 3, 7.5000e+01, 1.5000e+01, 1.0000e+00, 9.0000e+01, 0.0000e+00, 0.0000e+00
1, 3, 7.5000e+01, 1.5000e+01, 1.0000e+00, 9.9990e+01, 0.0000e+00, 0.0000e+00
1, 4, 7.5000e+01, 2.0000e+01, 1.0000e+00, 1.0000e-02, 1.5478e+00, 1.5992e+01
1, 4, 7.5000e+01, 2.0000e+01, 1.0000e+00, 1.6000e-02, 1.5478e+00, 1.5992e+01
1, 4, 7.5000e+01, 2.0000e+01, 1.0000e+00, 2.7000e-02, 1.5478e+00, 1.5992e+01
1, 4, 7.5000e+01, 2.0000e+01, 1.0000e+00, 4.5000e-02, 1.5478e+00, 1.5992e+01
1, 4, 7.5000e+01, 2.0000e+01, 1.0000e+00, 7.7000e-02, 1.5478e+00, 1.5992e+01
1, 4, 7.5000e+01, 2.0000e+01, 1.0000e+00, 1.3000e-01, 1.4975e+00, 1.5472e+01
1, 4, 7.5000e+01, 2.0000e+01, 1.0000e+00, 2.1000e-01, 1.4043e+00, 1.4509e+01
1, 4, 7.5000e+01, 2.0000e+01, 1.0000e+00, 3.5000e-01, 1.2950e+00, 1.3380e+01
1, 4, 7.5000e+01, 2.0000e+01, 1.0000e+00, 6.0000e-01, 1.1745e+00, 1.2135e+01
1, 4, 7.5000e+01, 2.0000e+01, 1.0000e+00, 9.5000e-01, 1.0616e+00, 1.0968e+01
1, 4, 7.5000e+01, 2.0000e+01, 1.0000e+00, 1.7000e+00, 9.0398e-01, 9.3397e+00
1, 4, 7.5000e+01, 2.0000e+01, 1.0000e+00, 3.0000e+00, 7.5211e-01, 7.7707e+00
1, 4, 7.5000e+01, 2.0000e+01, 1.0000e+00, 5.1000e+00, 5.9065e-01, 6.1025e+00
1, 4, 7.5000e+01, 2.0000e+01, 1.0000e+00, 8.3000e+00, 4.4574e-01, 4.6053e+00
1, 4, 7.5000e+01, 2.0000e+01, 1.0000e+00, 1.2000e+01, 3.3352e-01, 3.4459e+00
1, 4, 7.5000e+01, 2.0000e+01, 1.0000e+00, 1.9000e+01, 1.9042e-01, 1.9674e+00
1, 4, 7.5000e+01, 2.0000e+01, 1.0000e+00, 3.0000e+01, 7.3531e-02, 7.5971e-01
1, 4, 7.5000e+01, 2.0000e+01, 1.0000e+00, 4.0000e+01, 3.4961e-02, 3.6121e-01
1, 4, 7.5000e+01, 2.0000e+01, 1.0000e+00, 5.0000e+01, 5.0438e-03, 5.2111e-02
1, 4, 7.5000e+01, 2.0000e+01, 1.0000e+00, 6.0000e+01, 1.9841e-05, 2.0500e-04
1, 4, 7.5000e+01, 2.0000e+01, 1.0000e+00, 7.0000e+01, 0.0000e+00, 0.0000e+00
1, 4, 7.5000e+01, 2.0000e+01, 1.0000e+00, 8.0000e+01, 0.0000e+00, 0.0000e+00
1, 4, 7.5000e+01, 2.0000e+01, 1.0000e+00, 9.0000e+01, 0.0000e+00, 0.0000e+00
1, 4, 7.5000e+01, 2.0000e+01, 1.0000e+00, 9.9990e+01, 0.0000e+00, 0.0000e+00
1, 5, 7.5000e+01, 2.5000e+01, 1.0000e+00, 1.0000e-02, 1.5478e+00, 1.2942e+01
1, 5, 7.5000e+01, 2.5000e+01, 1.0000e+00, 1.6000e-02, 1.5478e+00, 1.2942e+01
1, 5, 7.5000e+01, 2.5000e+01, 1.0000e+00, 2.7000e-02, 1.5478e+00, 1.2942e+01
1, 5, 7.5000e+01, 2.5000e+01, 1.0000e+00, 4.5000e-02, 1.5478e+00, 1.2942e+01
1, 5, 7.5000e+01, 2.5000e+01, 1.0000e+00, 7.7000e-02, 1.5478e+00, 1.2942e+01
1, 5, 7.5000e+01, 2.5000e+01, 1.0000e+00, 1.3000e-01, 1.4975e+00, 1.2521e+01
1, 5, 7.5000e+01, 2.5000e+01, 1.0000e+00, 2.1000e-01, 1.4043e+00, 1.1742e+01
1, 5, 7.5000e+01, 2.5000e+01, 1.0000e+00, 3.5000e-01, 1.2950e+00, 1.0828e+01
1, 5, 7.5000e+01, 2.5000e+01, 1.0000e+00, 6.0000e-01, 1.1745e+00, 9.8208e+00
1, 5, 7.5000e+01, 2.5000e+01, 1.0000e+00, 9.5000e-01, 1.0616e+00, 8.8765e+00
1, 5, 7.5000e+01, 2.5000e+01, 1.0000e+00, 1.7000e+00, 9.0398e-01, 7.5585e+00
1, 5, 7.5000e+01, 2.5000e+01, 1.0000e+00, 3.0000e+00, 7.5211e-01, 6.2887e+00
1, 5, 7.5000e+01, 2.5000e+01, 1.0000e+00, 5.1000e+00, 5.9065e-01, 4.9387e+00
1, 5, 7.5000e+01, 2.5000e+01, 1.0000e+00, 8.3000e+00, 4.4574e-01, 3.7270e+00
1, 5, 7.5000e+01, 2.5000e+01, 1.0000e+00, 1.2000e+01, 3.3352e-01, 2.7887e+00
1, 5, 7.5000e+01, 2.5000e+01, 1.0000e+00, 1.9000e+01, 1.9042e-01, 1.5922e+00
1, 5, 7.5000e+01, 2.5000e+01, 1.0000e+00, 3.0000e+01, 7.3531e-02, 6.1482e-01
1, 5, 7.5000e+01, 2.5000e+01, 1.0000e+00, 4.0000e+01, 3.4961e-02, 2.9232e-01
1, 5, 7.5000e+01, 2.5000e+01, 1.0000e+00, 5.0000e+01, 5.0438e-03, 4.2173e-02
1, 5, 7.5000e+01, 2.5000e+01, 1.0000e+00, 6.0000e+01, 1.9841e-05, 1.6590e-04
1, 5, 7.5000e+01, 2.5000e+01, 1.0000e+00, 7.0000e+01, 0.0000e+00, 0.0000e+00
1, 5, 7.5000e+01, 2.5000e+01, 1.0000e+00, 8.0000e+01, 0.0000e+00, 0.0000e+00
1, 5, 7.5000e+01, 2.5000e+01, 1.0000e+00, 9.0000e+01, 0.0000e+00, 0.0000e+00
1, 5, 7.5000e+01, 2.5000e+01, 1.0000e+00, 9.9990e+01, 0.0000e+00, 0.0000e+00
1, 6, 7.5000e+01, 3.0000e+01, 1.0000e+00, 1.0000e-02, 1.5478e+00, 1.0939e+01
1, 6, 7.5000e+01, 3.0000e+01, 1.0000e+00, 1.6000e-02, 1.5478e+00, 1.0939e+01
1, 6, 7.5000e+01, 3.0000e+01, 1.0000e+00, 2.7000e-02, 1.5478e+00, 1.0939e+01
1, 6, 7.5000e+01, 3.0000e+01, 1.0000e+00, 4.5000e-02, 1.5478e+00, 1.0939e+01
1, 6, 7.5000e+01, 3.0000e+01, 1.0000e+00, 7.7000e-02, 1.5478e+00, 1.0939e+01
1, 6, 7.5000e+01, 3.0000e+01, 1.0000e+00, 1.3000e-01, 1.4975e+00, 1.0583e+01
1, 6, 7.5000e+01, 3.0000e+01, 1.0000e+00, 2.1000e-01, 1.4043e+00, 9.9250e+00
1, 6, 7.5000e+01, 3.0000e+01, 1.0000e+00, 3.5000e-01, 1.2950e+00, 9.1525e+00
1, 6, 7.5000e+01, 3.0000e+01, 1.0000e+00, 6.0000e-01, 1.1745e+00, 8.3009e+00
1, 6, 7.5000e+01, 3.0000e+01, 1.0000e+00, 9.5000e-01, 1.0616e+00, 7.5027e+00
1, 6, 7.5000e+01, 3.0000e+01, 1.0000e+00, 1.7000e+00, 9.0398e-01, 6.3888e+00
1, 6, 7.5000e+01, 3.0000e+01, 1.0000e+00, 3.0000e+00, 7.5211e-01, 5.3155e+00
1, 6, 7.5000e+01, 3.0000e+01, 1.0000e+00, 5.1000e+00, 5.9065e-01, 4.1743e+00
1, 6, 7.5000e+01, 3.0000e+01, 1.0000e+00, 8.3000e+00, 4.4574e-01, 3.1502e+00
1, 6, 7.5000e+01, 3.0000e+01, 1.0000e+00, 1.2000e+01, 3.3352e-01, 2.3571e+00
1, 6, 7.5000e+01, 3.0000e+01, 1.0000e+00, 1.9000e+01, 1.9042e-01, 1.3458e+00
1, 6, 7.5000e+01, 3.0000e+01, 1.0000e+00, 3.0000e+01, 7.3531e-02, 5.1967e-01
1, 6, 7.5000e+01, 3.0000e+01, 1.0000e+00, 4.0000e+01, 3.4961e-02, 2.4708e-01
1, 6, 7.5000e+01, 3.0000e+01, 1.0000e+00, 5.0000e+01, 5.0438e-03, 3.5646e-02
1, 6, 7.5000e+01, 3.0000e+01, 1.0000e+00, 6.0000e+01, 1.9841e-05, 1.4023e-04
1, 6, 7.5000e+01, 3.0000e+01, 1.0000e+00, 7.0000e+01, 0.0000e+00, 0.0000e+00
1, 6, 7.5000e+01, 3.0000e+01, 1.0000e+00, 8.0000e+01, 0.0000e+00, 0.0000e+00
1, 6, 7.5000e+01, 3.0000e+01, 1.0000e+00, 9.0000e+01, 0.0000e+00, 0.0000e+00
1, 6, 7.5000e+01, 3.0000e+01, 1.0000e+00, 9.9990e+01, 0.0000e+00, 0.0000e+00
1, 7, 7.5000e+01, 3.5000e+01, 1.0000e+00, 1.0000e-02, 1.5478e+00, 9.5359e+00
1, 7, 7.5000e+01, 3.5000e+01, 1.0000e+00, 1.6000e-02, 1.5478e+00, 9.5359e+00
1, 7, 7.5000e+01, 3.5000e+01, 1.0000e+00, 2.7000e-02, 1.5478e+00, 9.5359e+00
1, 7, 7.5000e+01, 3.5000e+01, 1.0000e+00, 4.5000e-02, 1.5478e+00, 9.5359e+00
1, 7, 7.5000e+01, 3.5000e+01, 1.0000e+00, 7.7000e-02, 1.5478e+00, 9.5359e+00
1, 7, 7.5000e+01, 3.5000e+01, 1.0000e+00, 1.3000e-01, 1.4975e+00, 9.2257e+00
1, 7, 7.5000e+01, 3.5000e+01, 1.0000e+00, 2.1000e-01, 1.4043e+00, 8.6518e+00
1, 7, 7.5000e+01, 3.5000e+01, 1.0000e+00, 3.5000e-01, 1.2950e+00, 7.9784e+00
1, 7, 7.5000e+01, 3.5000e+01, 1.0000e+00, 6.0000e-01, 1.1745e+00, 7.2361e+00
1, 7, 7.5000e+01, 3.5000e+01, 1.0000e+00, 9.5000e-01, 1.0616e+00, 6.5403e+00
1, 7, 7.5000e+01, 3.5000e+01, 1.0000e+00, 1.7000e+00, 9.0398e-01, 5.5692e+00
1, 7, 7.5000e+01, 3.5000e+01, 1.0000e+00, 3.0000e+00, 7.5211e-01, 4.6336e+00
1, 7, 7.5000e+01, 3.5000e+01, 1.0000e+00, 5.1000e+00, 5.9065e-01, 3.6389e+00
1, 7, 7.5000e+01, 3.5000e+01, 1.0000e+00, 8.3000e+00, 4.4574e-01, 2.7461e+00
1, 7, 7.5000e+01, 3.5000e+01, 1.0000e+00, 1.2000e+01, 3.3352e-01, 2.0548e+00
1, 7, 7.5000e+01, 3.5000e+01, 1.0000e+00, 1.9000e+01, 1.9042e-01, 1.1731e+00
1, 7, 7.5000e+01, 3.5000e+01, 1.0000e+00, 3.0000e+01, 7.3531e-02, 4.5301e-01
1, 7, 7.5000e+01, 3.5000e+01, 1.0000e+00, 4.0000e+01, 3.4961e-02, 2.1539e-01
1, 7, 7.5000e+01, 3.5000e+01, 1.0000e+00, 5.0000e+01, 5.0438e-03, 3.1074e-02
1, 7, 7.5000e+01, 3.5000e+01, 1.0000e+00, 6.0000e+01, 1.9841e-05, 1.2224e-04
1, 7, 7.5000e+01, 3.5000e+01, 1.0000e+00, 7.0000e+01, 0.0000e+00, 0.0000e+00
1, 7, 7.5000e+01, 3.5000e+01, 1.0000e+00, 8.0000e+01, 0.0000e+00, 0.0000e+00
1, 7, 7.5000e+01, 3.5000e+01, 1.0000e+00, 9.0000e+01, 0.0000e+00, 0.0000e+00
1, 7, 7.5000e+01, 3.5000e+01, 1.0000e+00, 9.9990e+01, 0.0000e+00, 0.0000e+00
1, 8, 7.5000e+01, 4.0000e+01, 1.0000e+00, 1.0000e-02, 1.5478e+00, 8.5091e+00
1, 8, 7.5000e+01, 4.0000e+01, 1.0000e+00, 1.6000e-02, 1.5478e+00, 8.5091e+00
1, 8, 7.5000e+01, 4.0000e+01, 1.0000e+00, 2.7000e-02, 1.5478e+00, 8.5091e+00
1, 8, 7.5000e+01, 4.0000e+01, 1.0000e+00, 4.5000e-02, 1.5478e+00, 8.5091e+00
1, 8, 7.5000e+01, 4.0000e+01, 1.0000e+00, 7.7000e-02, 1.5478e+00, 8.5091e+00
1, 8, 7.5000e+01, 4.0000e+01, 1.0000e+00, 1.3000e-01, 1.4975e+00, 8.2323e+00
1, 8, 7.5000e+01, 4.0000e+01, 1.0000e+00, 2.1000e-01, 1.4043e+00, 7.7202e+00
1, 8, 7.5000e+01, 4.0000e+01, 1.0000e+00, 3.5000e-01, 1.2950e+00, 7.1193e+00
1, 8, 7.5000e+01, 4.0000e+01, 1.0000e+00, 6.0000e-01, 1.1745e+00, 6.4569e+00
1, 8, 7.5000e+01, 4.0000e+01, 1.0000e+00, 9.5000e-01, 1.0616e+00, 5.8361e+00
1, 8, 7.5000e+01, 4.0000e+01, 1.0000e+00, 1.7000e+00, 9.0398e-01, 4.9696e+00
1, 8, 7.5000e+01, 4.0000e+01, 1.0000e+00, 3.0000e+00, 7.5211e-01, 4.1347e+00
1, 8, 7.5000e+01, 4.0000e+01, 1.0000e+00, 5.1000e+00, 5.9065e-01, 3.2471e+00
1, 8, 7.5000e+01, 4.0000e+01, 1.0000e+00, 8.3000e+00, 4.4574e-01, 2.4504e+00
1, 8, 7.5000e+01, 4.0000e+01, 1.0000e+00, 1.2000e+01, 3.3352e-01, 1.8335e+00
1, 8, 7.5000e+01, 4.0000e+01, 1.0000e+00, 1.9000e+01, 1.9042e-01, 1.0468e+00
1, 8, 7.5000e+01, 4.0000e+01, 1.0000e+00, 3.0000e+01, 7.3531e-02, 4.0423e-01
1, 8, 7.5000e+01, 4.0000e+01, 1.0000e+00, 4.0000e+01, 3.4961e-02, 1.9220e-01
1, 8, 7.5000e+01, 4.0000e+01, 1.0000e+00, 5.0000e+01, 5.0438e-03, 2.7728e-02
1, 8, 7.5000e+01, 4.0000e+01, 1.0000e+00, 6.0000e+01, 1.9841e-05, 1.0908e-04
1, 8, 7.5000e+01, 4.0000e+01, 1.0000e+00, 7.0000e+01, 0.0000e+00, 0.0000e+00
1, 8, 7.5000e+01, 4.0000e+01, 1.0000e+00, 8.0000e+01, 0.0000e+00, 0.0000e+00
1, 8, 7.5000e+01, 4.0000e+01, 1.0000e+00, 9.0000e+01, 0.0000e+00, 0.0000e+00
1, 8, 7.5000e+01, 4.0000e+01, 1.0000e+00, 9.9990e+01, 0.0000e+00, 0.0000e+00
1, 9, 7.5000e+01, 4.5000e+01, 1.0000e+00, 1.0000e-02, 1.5478e+00, 7.7351e+00
1, 9, 7.5000e+01, 4.5000e+01, 1.0000e+00, 1.6000e-02, 1.5478e+00, 7.7351e+00
1, 9, 7.5000e+01, 4.5000e+01, 1.0000e+00, 2.7000e-02, 1.5478e+00, 7.7351e+00
1, 9, 7.5000e+01, 4.5000e+01, 1.0000e+00, 4.5000e-02, 1.5478e+00, 7.7351e+00
1, 9, 7.5000e+01, 4.5000e+01, 1.0000e+00, 7.7000e-02, 1.5478e+00, 7.7351e+00
1, 9, 7.5000e+01, 4.5000e+01, 1.0000e+00, 1.3000e-01, 1.4975e+00, 7.4835e+00
1, 9, 7.5000e+01, 4.5000e+01, 1.0000e+00, 2.1000e-01, 1.4043e+00, 7.0180e+00
1, 9, 7.5000e+01, 4.5000e+01, 1.0000e+00, 3.5000e-01, 1.2950e+00, 6.4718e+00
1, 9, 7.5000e+01, 4.5000e+01, 1.0000e+00, 6.0000e-01, 1.1745e+00, 5.8696e+00
1, 9, 7.5000e+01, 4.5000e+01, 1.0000e+00, 9.5000e-01, 1.0616e+00, 5.3052e+00
1, 9, 7.5000e+01, 4.5000e+01, 1.0000e+00, 1.7000e+00, 9.0398e-01, 4.5175e+00
1, 9, 7.5000e+01, 4.5000e+01, 1.0000e+00, 3.0000e+00, 7.5211e-01, 3.7586e+00
1, 9, 7.5000e+01, 4.5000e+01, 1.0000e+00, 5.1000e+00, 5.9065e-01, 2.9517e+00
1, 9, 7.5000e+01, 4.5000e+01, 1.0000e+00, 8.3000e+00, 4.4574e-01, 2.2275e+00
1, 9, 7.5000e+01, 4.5000e+01, 1.0000e+00, 1.2000e+01, 3.3352e-01, 1.6668e+00
1, 9, 7.5000e+01, 4.5000e+01, 1.0000e+00, 1.9000e+01, 1.9042e-01, 9.5159e-01
1, 9, 7.5000e+01, 4.5000e+01, 1.0000e+00, 3.0000e+01, 7.3531e-02, 3.6746e-01
1, 9, 7.5000e+01, 4.5000e+01, 1.0000e+00, 4.0000e+01, 3.4961e-02, 1.7471e-01
1, 9, 7.5000e+01, 4.5000e+01, 1.0000e+00, 5.0000e+01, 5.0438e-03, 2.5206e-02
1, 9, 7.5000e+01, 4.5000e+01, 1.0000e+00, 6.0000e+01, 1.9841e-05, 9.9155e-05
1, 9, 7.5000e+01, 4.5000e+01, 1.0000e+00, 7.0000e+01, 0.0000e+00, 0.0000e+00
1, 9, 7.5000e+01, 4.5000e+01, 1.0000e+00, 8.0000e+01, 0.0000e+00, 0.0000e+00
1, 9, 7.5000e+01, 4.5000e+01, 1.0000e+00, 9.0000e+01, 0.0000e+00, 0.0000e+00
1, 9, 7.5000e+01, 4.5000e+01, 1.0000e+00, 9.9990e+01, 0.0000e+00, 0.0000e+00
1, 10, 7.5000e+01, 5.0000e+01, 1.0000e+00, 1.0000e-02, 1.5478e+00, 7.1400e+00
1, 10, 7.5000e+01, 5.0000e+01, 1.0000e+00, 1.6000e-02, 1.5478e+00, 7.1400e+00
1, 10, 7.5000e+01, 5.0000e+01, 1.0000e+00, 2.7000e-02, 1.5478e+00, 7.1400e+00
1, 10, 7.5000e+01, 5.0000e+01, 1.0000e+00, 4.5000e-02, 1.5478e+00, 7.1400e+00
1, 10, 7.5000e+01, 5.0000e+01, 1.0000e+00, 7.7000e-02, 1.5478e+00, 7.1400e+00
1, 10, 7.5000e+01, 5.0000e+01, 1.0000e+00, 1.3000e-01, 1.4975e+00, 6.9078e+00
1, 10, 7.5000e+01, 5.0000e+01, 1.0000e+00, 2.1000e-01, 1.4043e+00, 6.4781e+00
1, 10, 7.5000e+01, 5.0000e+01, 1.0000e+00, 3.5000e-01, 1.2950e+00, 5.9738e+00
1, 10, 7.5000e+01, 5.0000e+01, 1.0000e+00, 6.0000e-01, 1.1745e+00, 5.4180e+00
1, 10, 7.5000e+01, 5.0000e+01, 1.0000e+00, 9.5000e-01, 1.0616e+00, 4.8971e+00
1, 10, 7.5000e+01, 5.0000e+01, 1.0000e+00, 1.7000e+00, 9.0398e-01, 4.1700e+00
1, 10, 7.5000e+01, 5.0000e+01, 1.0000e+00, 3.0000e+00, 7.5211e-01, 3.4694e+00
1, 10, 7.5000e+01, 5.0000e+01, 1.0000e+00, 5.1000e+00, 5.9065e-01, 2.7246e+00
1, 10, 7.5000e+01, 5.0000e+01, 1.0000e+00, 8.3000e+00, 4.4574e-01, 2.0562e+00
1, 10, 7.5000e+01, 5.0000e+01, 1.0000e+00, 1.2000e+01, 3.3352e-01, 1.5385e+00
1, 10, 7.5000e+01, 5.0000e+01, 1.0000e+00, 1.9000e+01, 1.9042e-01, 8.7838e-01
1, 10, 7.5000e+01, 5.0000e+01, 1.0000e+00, 3.0000e+01, 7.3531e-02, 3.3919e-01
1, 10, 7.5000e+01, 5.0000e+01, 1.0000e+00, 4.0000e+01, 3.4961e-02, 1.6127e-01
1, 10, 7.5000e+01, 5.0000e+01, 1.0000e+00, 5.0000e+01, 5.0438e-03, 2.3266e-02
1, 10, 7.5000e+01, 5.0000e+01, 1.0000e+00, 6.0000e+01, 1.9841e-05, 9.1526e-05
1, 10, 7.5000e+01, 5.0000e+01, 1.0000e+00, 7.0000e+01, 0.0000e+00, 0.0000e+00
1, 10, 7.5000e+01, 5.0000e+01, 1.0000e+00, 8.0000e+01, 0.0000e+00, 0.0000e+00
1, 10, 7.5000e+01, 5.0000e+01, 1.0000e+00, 9.0000e+01, 0.0000e+00, 0.0000e+00
1, 10, 7.5000e+01, 5.0000e+01, 1.0000e+00, 9.9990e+01, 0.0000e+00, 0.0000e+00
